{"chunk_definitions":[{"row":16,"row_count":1,"visible":true,"expansion_state":0,"options":{"engine":"r","label":"init","include":false,"dev":"png"},"document_id":"31389391","chunk_id":"cmjsfjsv58gz1","chunk_label":"init"},{"row":279,"row_count":1,"visible":true,"expansion_state":0,"options":{"engine":"r","label":"load_ggtree_without_junk","echo":false,"dev":"png"},"document_id":"31389391","chunk_id":"cglbtjdnui1j9","chunk_label":"load_ggtree_without_junk"},{"row":288,"row_count":1,"visible":true,"expansion_state":0,"options":{"engine":"r","label":"load_ggtree","dev":"png"},"document_id":"31389391","chunk_id":"c0wfd78yggzc5","chunk_label":"load_ggtree"},{"row":341,"row_count":1,"visible":true,"expansion_state":0,"options":{"engine":"r","label":"read.tree","dev":"png"},"document_id":"31389391","chunk_id":"cwslc78a4wnte","chunk_label":"read.tree"},{"row":352,"row_count":1,"visible":true,"expansion_state":0,"options":{"engine":"r","label":"first_tree","fig.keep":"last","dev":"png"},"document_id":"31389391","chunk_id":"cerc3c5pzqe08","chunk_label":"first_tree"},{"row":361,"row_count":1,"visible":true,"expansion_state":0,"options":{"engine":"r","label":"scales","fig.keep":"last","dev":"png"},"document_id":"31389391","chunk_id":"c7gp7bbqq01js","chunk_label":"scales"},{"row":367,"row_count":1,"visible":true,"expansion_state":0,"options":{"engine":"r","label":"cladogram","dev":"png"},"document_id":"31389391","chunk_id":"catoekowkigjv","chunk_label":"cladogram"},{"row":373,"row_count":1,"visible":true,"expansion_state":0,"options":{"engine":"r","label":"aesthetics","dev":"png"},"document_id":"31389391","chunk_id":"c5jgmsqsz0333","chunk_label":"aesthetics"},{"row":392,"row_count":1,"visible":true,"expansion_state":0,"options":{"engine":"r","label":"ex1","echo":false,"eval":false,"dev":"png"},"document_id":"31389391","chunk_id":"c4to8pufq7h75","chunk_label":"ex1"}],"doc_write_time":1713279109}