{"chunk_definitions":[{"row":23,"row_count":1,"visible":true,"expansion_state":0,"options":{"engine":"r","message":false,"warning":false,"label":"unnamed-chunk-14","dev":"png"},"document_id":"F32D58C6","chunk_id":"cuhavmt9mrhj3","chunk_label":"unnamed-chunk-1"},{"row":62,"row_count":1,"visible":true,"expansion_state":0,"options":{"engine":"r","warning":false,"message":false,"label":"unnamed-chunk-2","dev":"png"},"document_id":"F32D58C6","chunk_id":"cz9nqwlaungiw","chunk_label":"unnamed-chunk-2"},{"row":74,"row_count":1,"visible":true,"expansion_state":0,"options":{"engine":"r","warning":false,"message":false,"label":"unnamed-chunk-3","dev":"png"},"document_id":"F32D58C6","chunk_id":"c33rlndtezqxu","chunk_label":"unnamed-chunk-3"},{"row":89,"row_count":1,"visible":true,"expansion_state":0,"options":{"engine":"r","label":"unnamed-chunk-4","dev":"png"},"document_id":"F32D58C6","chunk_id":"cqlz2kcmq89fc","chunk_label":"unnamed-chunk-4"},{"row":98,"row_count":1,"visible":true,"expansion_state":0,"options":{"engine":"r","warning":false,"message":false,"label":"unnamed-chunk-5","dev":"png"},"document_id":"F32D58C6","chunk_id":"cu4f2w4kud49i","chunk_label":"unnamed-chunk-5"},{"row":107,"row_count":1,"visible":true,"expansion_state":0,"options":{"engine":"r","label":"unnamed-chunk-6","dev":"png"},"document_id":"F32D58C6","chunk_id":"c0tbc8ru09ex6","chunk_label":"unnamed-chunk-6"},{"row":115,"row_count":1,"visible":true,"expansion_state":0,"options":{"engine":"r","label":"unnamed-chunk-15","dev":"png"},"document_id":"F32D58C6","chunk_id":"cij71hb7pbelc","chunk_label":"unnamed-chunk-7"}],"doc_write_time":1714403111}